date,Open_Price,High_Price,Low_Price,Volume,Close_Price
10/23/2018,1072.0,1072.0,1057.6,67498,1062.13
10/24/2018,1084.0,1099.99,1060.0,39672,1070.44
10/25/2018,1067.0,1067.0,1055.55,53163,1061.31
10/26/2018,1062.0,1062.0,1048.0,78097,1050.19
10/29/2018,1061.3,1074.9,1048.0,35823,1071.67
10/30/2018,1061.8,1076.99,1061.8,50832,1068.71
10/31/2018,1069.38,1085.8,1058.0,43992,1084.76
11-01-2018,1086.25,1090.0,1081.02,24256,1086.39
11-02-2018,1098.5,1106.0,1091.0,56342,1101.83
11-05-2018,1123.9,1145.9,1094.6,40963,1101.48
11-06-2018,1104.9,1109.2,1099.0,15743,1102.18
11-07-2018,1118.5,1140.0,1101.0,10671,1109.83
11-09-2018,1107.7,1111.9,1104.71,16992,1108.22
11-12-2018,1109.01,1114.9,1094.0,58576,1097.64
11/13/2018,1095.0,1109.4,1092.0,36545,1107.84
11/14/2018,1110.0,1114.04,1099.65,53406,1104.02
11/15/2018,1115.0,1115.0,1103.15,23705,1107.94
11/16/2018,1109.0,1116.5,1109.0,48989,1114.96
11/19/2018,1115.1,1124.0,1115.1,52511,1122.4
11/20/2018,1119.25,1121.85,1113.6,39314,1115.28
11/21/2018,1115.3,1117.75,1105.28,28126,1107.02
11/22/2018,1109.7,1112.0,1101.0,75279,1103.38
11/26/2018,1109.9,1114.5,1099.0,23834,1113.24
11/27/2018,1110.0,1117.85,1107.55,38757,1116.02
11/28/2018,1116.0,1122.0,1116.0,37287,1119.59
11/29/2018,1124.2,1137.0,1124.2,32450,1135.52
11/30/2018,1135.6,1140.0,1131.0,53226,1135.08
12-03-2018,1138.0,1142.0,1047.0,58307,1137.99
12-04-2018,1135.61,1138.0,1132.5,44368,1136.17
12-05-2018,1132.94,1133.16,1124.01,40782,1126.44
12-06-2018,1122.0,1122.0,1107.23,69932,1110.17
12-07-2018,1112.0,1121.0,1070.0,44522,1119.18
12-10-2018,1118.0,1118.0,1097.45,125330,1098.83
12-11-2018,1090.25,1107.8,1082.0,108385,1105.85
12-12-2018,1106.7,1124.0,1104.65,38299,1121.69
12/13/2018,1125.3,1130.99,1121.3,50223,1125.49
12/14/2018,1128.0,1128.0,1120.1,44670,1126.52
12/17/2018,1127.0,1137.92,1127.0,51462,1136.39
12/18/2018,1133.55,1141.75,1129.05,23942,1139.11
12/19/2018,1060.0,1149.55,1060.0,26475,1145.4
12/20/2018,1142.0,1148.7,1138.4,86970,1145.25
12/21/2018,1140.0,1150.0,1075.25,130586,1125.97
12/24/2018,1130.0,1130.0,1116.3,91633,1118.37
12/26/2018,1188.0,1188.0,1103.0,34359,1123.82
12/27/2018,1128.0,1134.79,1128.0,29752,1129.83
12/28/2018,1130.1,1138.9,1130.1,63729,1135.71
12/31/2018,1134.0,1140.9,1134.0,32213,1136.75
01-01-2019,1136.75,1141.0,1130.1,30749,1139.84
01-02-2019,1136.64,1138.99,1123.7,31423,1129.73
01-03-2019,1129.5,1131.98,1116.5,46737,1118.35
01-04-2019,1118.35,1125.94,1114.1,33562,1124.91
01-07-2019,1128.0,1135.7,1124.0,38459,1125.62
01-08-2019,1125.4,1130.98,1122.55,45284,1128.57
01-09-2019,1134.8,1134.8,1123.0,61725,1132.63
01-10-2019,1136.0,1136.0,1128.7,45633,1132.48
01-11-2019,1128.0,1133.99,1122.3,65899,1126.87
01/14/2019,1128.8,1128.8,1118.9,37212,1121.67
01/15/2019,1125.9,1137.0,1125.18,67166,1135.99
01/16/2019,1136.0,1141.8,1134.26,70626,1141.27
01/17/2019,1142.0,1144.0,1135.6,50120,1141.48
01/18/2019,1141.48,1142.0,1134.0,33665,1138.33
01/21/2019,1138.0,1146.89,1138.0,44661,1144.78
01/22/2019,1144.9,1144.9,1137.0,20388,1140.69
01/23/2019,1140.0,1144.9,1131.0,34747,1133.15
01/24/2019,1133.15,1136.99,1128.6,20227,1134.71
01/25/2019,1135.0,1143.0,1125.31,38989,1129.19
01/28/2019,1129.19,1132.0,1114.81,102308,1117.81
01/29/2019,1121.0,1136.0,1110.3,53604,1118.01
01/30/2019,1120.0,1120.9,1112.05,24953,1115.95
01/31/2019,1109.55,1136.45,1108.55,26090,1134.69
02-01-2019,1109.55,1147.33,1102.65,77935,1138.57
02-04-2019,1139.0,1143.68,1131.1,20977,1143.01
02-05-2019,1143.0,1148.9,1137.74,374995,1147.12
02-06-2019,1147.0,1161.0,1146.09,603612,1154.48
02-07-2019,1155.0,1162.99,1155.0,17402,1156.98
02-08-2019,1155.0,1156.0,1142.0,14391,1146.44
02-11-2019,1145.1,1145.1,1138.5,15949,1142.15
02-12-2019,1142.15,1144.2,1134.75,15626,1135.79
02/13/2019,1139.6,1140.99,1130.0,15192,1133.2
02/14/2019,1133.0,1133.0,1125.48,39099,1128.56
02/15/2019,1130.0,1130.0,1112.6,442796,1122.46
02/18/2019,1118.0,1125.0,1115.31,58284,1116.69
02/20/2019,1118.0,1124.0,1115.35,20411,1123.17
02/21/2019,1121.5,1129.99,1121.11,27271,1127.67
02/22/2019,1130.0,1130.0,1124.0,10413,1128.97
02/25/2019,1130.0,1138.4,1130.0,17669,1136.54
02/26/2019,1130.0,1142.39,1126.0,76382,1136.25
02/27/2019,1137.01,1143.7,1125.0,84957,1129.14
02/28/2019,1132.25,1138.85,1130.26,31996,1133.6
03-01-2019,1133.6,1141.59,1133.6,27681,1137.1
03-05-2019,1130.0,1150.0,1122.0,126806,1148.89
03-06-2019,1148.0,1157.36,1148.0,32782,1155.86
03-07-2019,1160.0,1161.4,1153.06,48892,1157.51
03-08-2019,1155.0,1159.86,1152.1,54206,1158.16
03-11-2019,1162.0,1172.72,1159.0,23530,1172.26
03-12-2019,1170.0,1186.0,1170.0,42322,1184.67
03/13/2019,1183.0,1189.8,1180.85,23572,1188.24
03/14/2019,1189.9,1191.99,1185.0,25749,1187.26
03/15/2019,1187.26,1203.5,1187.26,76897,1198.87
03/18/2019,1210.0,1248.0,1195.0,41579,1199.88
03/19/2019,1199.0,1211.0,1198.25,38703,1207.37
03/20/2019,1207.0,1212.55,1204.1,38963,1206.65
03/22/2019,1207.0,1214.59,1198.0,15514,1199.8
03/25/2019,1182.0,1195.0,1182.0,430518,1188.1
03/26/2019,1240.0,1240.0,1190.0,45398,1203.93
03/27/2019,1200.0,1210.0,1199.2,49199,1201.02
03/28/2019,1201.0,1215.0,1201.0,152884,1209.77
03/29/2019,1255.0,1255.0,1210.66,46923,1220.61
04-01-2019,1224.0,1232.57,1218.0,113985,1220.8
04-02-2019,1203.0,1227.0,1203.0,23250,1225.25
04-03-2019,1226.0,1233.0,1220.0,70616,1221.48
04-04-2019,1223.0,1223.25,1215.1,19727,1218.13
04-05-2019,1235.0,1265.0,1215.0,51571,1224.98
04-08-2019,1224.98,1227.9,1212.7,28897,1219.53
04-09-2019,1220.0,1226.95,1213.09,34102,1224.45
04-10-2019,1224.0,1226.69,1215.25,30769,1216.56
04-11-2019,1242.0,1242.0,1213.6,10408,1216.94
04-12-2019,1218.99,1225.0,1216.0,15820,1224.14
04/15/2019,1215.0,1229.46,1200.01,57570,1228.79
04/16/2019,1230.0,1240.5,1228.0,41764,1237.53
04/18/2019,1240.0,1242.4,1231.77,17844,1234.73
04/22/2019,1232.0,1232.0,1216.14,58410,1218.68
04/23/2019,1219.0,1222.95,1216.0,22024,1217.01
04/24/2019,1218.0,1231.9,1211.78,56825,1229.36
04/25/2019,1229.36,1239.0,1222.0,24694,1224.27
04/26/2019,1228.0,1235.0,1225.05,20946,1233.93
04/30/2019,1248.0,1248.0,1223.85,41925,1234.07
05-02-2019,1235.99,1238.0,1229.05,15452,1231.79
05-03-2019,1240.7,1248.0,1229.0,51755,1229.91
05-06-2019,1243.0,1249.0,1215.35,87551,1218.31
05-07-2019,1230.0,1230.0,1206.9,85877,1208.97
05-08-2019,1222.0,1226.0,1193.1,234161,1195.31
05-09-2019,1217.9,1217.9,1182.0,183436,1184.59
05-10-2019,1187.0,1193.15,1183.11,72277,1184.98
05/13/2019,1199.5,1199.5,1170.0,36988,1172.2
05/14/2019,1175.05,1187.5,1167.0,54063,1178.61
05/15/2019,1179.0,1186.74,1172.2,81951,1174.98
05/16/2019,1175.0,1184.99,1171.1,95978,1180.64
05/17/2019,1181.45,1197.0,1181.0,169814,1196.29
05/20/2019,1224.0,1243.41,1205.0,118014,1239.3
05/21/2019,1244.0,1246.9,1228.0,85276,1230.68
05/22/2019,1244.9,1244.9,1226.51,72889,1233.13
05/23/2019,1248.0,1263.0,1221.1,172075,1226.02
05/27/2019,1249.9,1253.0,1240.0,35405,1250.33
05/28/2019,1253.0,1256.0,1245.0,34952,1251.82
05/29/2019,1247.13,1253.65,1243.35,20656,1247.53
05/30/2019,1250.48,1258.0,1244.21,18654,1254.78
05/31/2019,1255.0,1264.8,1247.38,71830,1252.49
06-03-2019,1260.0,1270.0,1248.25,55720,1267.98
06-04-2019,1268.0,1279.0,1262.01,66682,1265.9
06-06-2019,1266.0,1266.0,1245.5,56059,1246.78
06-07-2019,1247.73,1251.88,1235.65,27803,1248.92
06-10-2019,1253.0,1259.19,1249.43,82980,1256.74
06-11-2019,1260.0,1265.0,1250.0,15092,1256.22
06-12-2019,1261.0,1261.0,1249.01,15739,1250.73
06/13/2019,1254.0,1254.95,1245.5,18345,1254.21
06/14/2019,1250.3,1252.5,1243.1,31944,1245.17
06/17/2019,1251.0,1251.0,1228.4,88053,1230.83
06/18/2019,1231.97,1235.85,1226.1,102679,1231.41
06/19/2019,1235.0,1241.0,1225.15,55508,1230.27
06/20/2019,1229.7,1246.45,1225.0,140726,1244.93
06/21/2019,1244.0,1244.0,1235.1,47402,1236.8
06/24/2019,1250.0,1274.88,1230.5,43834,1234.06
06/25/2019,1241.5,1250.0,1229.0,33787,1240.74
06/26/2019,1248.2,1248.2,1235.8,33176,1246.53
06/27/2019,1250.0,1254.6,1245.0,28691,1248.17
07-01-2019,1249.99,1251.99,1245.1,34008,1249.34
07-02-2019,1256.0,1256.0,1242.0,24985,1253.03
07-03-2019,1250.15,1256.0,1250.0,33317,1254.83
07-04-2019,1260.0,1261.71,1251.0,20431,1260.4
07-05-2019,1262.0,1267.7,1244.0,90990,1246.08
07-08-2019,1254.99,1254.99,1215.75,89050,1219.44
07-09-2019,1238.9,1238.9,1210.01,88181,1218.04
07-10-2019,1225.0,1225.5,1211.0,44796,1213.52
07-11-2019,1223.0,1223.0,1215.1,17318,1222.03
07-12-2019,1224.5,1226.97,1215.5,20723,1219.71
07/15/2019,1225.0,1225.0,1217.0,23831,1222.16
07/16/2019,1230.0,1231.09,1219.05,23645,1229.52
07/17/2019,1236.45,1236.5,1227.45,12109,1232.71
07/18/2019,1232.0,1233.49,1223.17,20157,1225.57
07/19/2019,1260.0,1260.0,1205.5,58646,1207.17
07/22/2019,1222.0,1222.0,1194.9,84575,1198.95
07/23/2019,1205.0,1207.0,1194.5,30439,1196.93
07/24/2019,1218.88,1218.88,1187.39,36527,1191.39
07/25/2019,1224.88,1224.88,1188.4,33377,1189.92
07/26/2019,1196.8,1196.8,1185.0,30712,1193.22
07/29/2019,1195.0,1195.0,1180.0,40498,1183.6
07/30/2019,1183.75,1189.97,1171.0,44288,1172.49
07/31/2019,1173.0,1177.78,1144.1,78404,1175.77
08-01-2019,1175.0,1176.0,1151.01,105743,1162.73
08-02-2019,1160.0,1170.9,1149.0,114796,1163.37
08-05-2019,1161.0,1161.0,1142.0,130945,1151.5
08-06-2019,1149.99,1165.0,1143.42,38445,1158.71
08-07-2019,1178.88,1178.88,1147.1,37273,1149.12
08-08-2019,1159.0,1174.2,1148.25,81871,1169.35
08-09-2019,1179.95,1183.49,1170.0,109380,1176.15
08/13/2019,1182.0,1183.0,1155.0,58399,1157.63
08/14/2019,1164.9,1172.72,1157.15,30552,1167.14
08/16/2019,1170.0,1176.8,1157.5,38510,1170.14
08/19/2019,1180.0,1180.3,1169.0,41995,1171.27
08/20/2019,1173.95,1173.95,1163.0,32379,1167.08
08/21/2019,1170.0,1173.8,1155.0,61948,1156.77
08/22/2019,1163.0,1163.0,1136.54,84959,1138.68
08/23/2019,1141.0,1151.25,1128.0,84620,1147.43
08/26/2019,1169.0,1180.0,1140.21,80506,1170.87
08/27/2019,1172.0,1179.95,1167.0,51435,1174.54
08/28/2019,1178.0,1178.0,1164.25,30911,1168.62
08/29/2019,1170.0,1172.0,1150.0,67995,1161.18
08/30/2019,1169.0,1169.0,1151.22,53818,1166.14
09-03-2019,1164.95,1165.0,1142.0,78793,1145.17
09-04-2019,1160.0,1160.0,1140.01,69044,1148.9
09-05-2019,1148.9,1156.99,1143.0,97243,1149.79
09-06-2019,1155.0,1161.55,1150.35,32980,1159.7
09-09-2019,1164.95,1168.0,1152.35,53487,1164.34
09-11-2019,1169.94,1171.0,1150.06,64718,1167.84
09-12-2019,1174.0,1174.0,1162.22,62713,1164.44
09/13/2019,1169.0,1174.5,1160.0,46108,1173.11
09/16/2019,1172.0,1172.0,1158.7,36860,1164.03
09/17/2019,1169.85,1169.95,1144.4,54522,1146.64
09/18/2019,1147.11,1153.0,1145.65,57675,1148.16
09/19/2019,1148.67,1148.67,1131.11,86355,1135.2
09/20/2019,1141.95,1206.0,1132.0,401711,1195.47
09/23/2019,1205.0,1236.5,1205.0,300945,1230.02
09/24/2019,1229.98,1242.0,1222.11,119775,1226.89
09/25/2019,1232.95,1232.95,1210.5,52967,1213.59
09/26/2019,1217.44,1229.2,1214.03,502340,1227.61
09/27/2019,1227.6,1238.0,1216.32,162384,1220.94
09/30/2019,1224.45,1224.5,1208.0,134108,1215.67
10-01-2019,1217.95,1223.9,1191.8,97147,1205.03
10-03-2019,1211.99,1212.0,1193.7,56157,1198.44
10-04-2019,1207.9,1207.9,1180.0,269438,1182.15
10-07-2019,1186.3,1260.0,1174.05,387129,1175.69
10-09-2019,1183.01,1195.84,1170.06,51865,1194.27
10-10-2019,1191.95,1193.19,1180.0,52284,1185.39
10-11-2019,1189.0,1198.8,1184.0,56743,1197.36
10/14/2019,1200.0,1205.5,1194.5,34018,1198.93
10/15/2019,1208.0,1211.9,1195.1,39619,1208.73
10/16/2019,1213.5,1214.72,1207.45,117627,1209.47
10/17/2019,1211.4,1228.0,1207.7,57285,1224.8
10/18/2019,1227.95,1236.99,1221.98,48775,1234.55
10/22/2019,1220.0,1237.0,1201.26,84754,1229.63
10/23/2019,1235.0,1235.0,1222.05,30803,1229.95
10/24/2019,1234.94,1235.0,1222.1,49623,1226.7
10/25/2019,1237.95,1238.0,1216.05,79682,1225.36
10/27/2019,1240.0,1240.0,1228.9,19878,1233.87
10/29/2019,1238.99,1248.19,1230.0,87693,1246.78
10/30/2019,1250.0,1256.3,1246.75,87490,1252.87
10/31/2019,1265.0,1265.0,1253.61,191913,1254.98
11-01-2019,1254.0,1263.6,1252.37,44483,1261.41
11-04-2019,1265.0,1267.0,1259.05,80355,1263.44
11-05-2019,1265.95,1265.95,1257.14,35932,1260.59
11-06-2019,1264.0,1268.8,1255.0,34510,1264.75
11-07-2019,1264.75,1288.88,1263.01,39973,1269.79
11-08-2019,1266.9,1275.0,1258.76,79178,1260.62
11-11-2019,1262.0,1266.0,1255.0,44586,1264.91
11/13/2019,1270.0,1270.0,1255.1,39515,1256.97
11/14/2019,1261.88,1261.88,1249.67,152970,1255.46
11/15/2019,1260.0,1266.9,1257.18,119054,1260.44
11/18/2019,1266.0,1266.0,1256.65,20811,1257.3
11/19/2019,1264.95,1267.0,1257.3,46392,1263.96
11/20/2019,1269.0,1274.11,1265.26,110713,1268.33
11/21/2019,1277.0,1277.0,1264.96,26955,1266.04
11/22/2019,1266.9,1266.9,1258.5,36776,1264.42
11/25/2019,1271.0,1278.55,1262.0,39292,1277.37
11/26/2019,1295.0,1295.0,1273.1,43477,1275.1
11/27/2019,1278.0,1281.9,1277.06,39606,1279.02
11/28/2019,1278.0,1285.0,1278.0,350321,1284.06
11/29/2019,1286.0,1286.0,1271.4,51420,1275.13
12-02-2019,1275.13,1294.0,1273.75,34808,1276.34
12-03-2019,1281.95,1281.95,1268.11,28714,1269.6
12-04-2019,1273.0,1276.39,1265.1,20458,1274.69
12-05-2019,1270.0,1281.0,1267.05,46197,1272.04
12-06-2019,1275.95,1275.95,1261.0,31043,1262.27
12-09-2019,1271.95,1271.95,1258.25,22655,1263.26
12-10-2019,1263.26,1266.47,1255.95,45663,1257.95
12-11-2019,1263.95,1264.79,1255.4,33778,1262.2
12-12-2019,1255.0,1272.99,1255.0,19081,1271.09
12/13/2019,1271.09,1280.0,1271.04,33899,1279.06
12/16/2019,1285.0,1285.0,1274.0,23033,1275.31
12/17/2019,1282.95,1288.0,1275.05,46108,1286.16
12/18/2019,1289.95,1294.32,1282.1,21946,1292.54
12/19/2019,129.2,130.33,129.05,271593,130.2
12/20/2019,134.95,134.95,129.78,246690,130.34
12/23/2019,131.2,131.25,129.28,318322,129.93
12/24/2019,130.85,130.85,129.22,422110,129.45
12/26/2019,130.35,130.35,128.51,204241,128.69
12/27/2019,128.69,130.65,128.3,233758,129.56
12/30/2019,130.45,130.5,129.19,3175973,130.26
12/31/2019,130.21,130.26,129.02,235878,129.15
01-01-2020,128.95,131.0,128.95,269259,129.42
01-02-2020,132.0,134.6,129.4,329677,130.14
01-03-2020,129.07,130.85,129.07,298681,129.71
01-06-2020,129.4,129.47,127.11,721657,127.37
01-07-2020,127.95,128.7,127.31,743200,127.76
01-08-2020,126.59,127.75,126.5,422774,127.56
01-09-2020,128.95,129.55,128.35,291102,129.34
01-10-2020,129.95,130.2,129.3,426319,129.61
01/13/2020,127.0,130.5,124.4,531373,130.41
01/14/2020,130.75,131.23,129.8,325889,131.01
01/15/2020,131.4,131.45,130.0,318992,131.01
01/16/2020,131.45,131.5,130.0,277915,130.91
01/17/2020,131.45,131.45,130.5,394076,131.19
01/20/2020,131.21,131.5,129.7,769381,129.78
01/21/2020,130.35,130.35,129.05,458654,129.27
01/22/2020,131.45,131.45,128.22,471486,128.53
01/23/2020,129.45,129.45,128.2,184783,129.31
01/24/2020,129.26,130.3,128.75,630671,130.11
01/27/2020,129.0,130.0,128.55,414564,128.73
01/28/2020,130.66,130.66,127.6,826302,128.1
01/29/2020,128.75,129.2,128.05,179693,128.76
01/30/2020,128.95,129.0,127.5,1074097,127.74
01/31/2020,127.95,128.43,126.9,632544,127.17
02-01-2020,127.35,127.78,123.6,1076883,124.71
02-03-2020,124.76,126.0,123.5,1306194,124.42
02-04-2020,125.25,126.93,124.05,331366,126.75
02-05-2020,126.1,128.1,126.1,343990,127.91
02-06-2020,127.86,129.05,127.55,348705,128.94
02-07-2020,129.15,129.15,127.74,512906,128.19
02-10-2020,129.85,129.85,127.31,371411,127.91
02-11-2020,128.05,129.95,128.05,301763,128.3
02-12-2020,128.85,129.35,128.6,244082,129.19
02/13/2020,129.54,129.54,128.5,491397,129.3
02/14/2020,129.54,129.69,128.09,435089,128.38
02/17/2020,128.92,129.0,127.7,254024,127.84
02/18/2020,126.95,128.5,126.55,569499,127.34
02/19/2020,127.95,128.7,127.0,463260,128.59
02/19/2020,127.95,128.7,127.0,463260,128.59
02/19/2020,127.95,128.7,127.0,463260,128.59
02/19/2020,127.95,128.7,127.0,463260,128.59
02/19/2020,127.95,128.7,127.0,463260,128.59
02/20/2020,128.55,128.8,128.0,354821,128.36
02/24/2020,128.41,128.41,125.5,3544077,125.73
02/25/2020,126.35,126.4,125.11,587395,125.34
02/26/2020,125.39,125.39,123.8,2733254,124.04
02/27/2020,123.55,124.49,122.54,1863612,123.64
02/28/2020,121.65,122.94,119.11,8148034,119.29
03-02-2020,122.05,122.05,117.21,2355594,118.39
03-03-2020,119.44,121.01,118.55,1810345,120.4
03-03-2020,119.44,121.01,118.55,1810345,120.4
03-03-2020,119.44,121.01,118.55,1810345,120.4
03-03-2020,119.44,121.01,118.55,1810345,120.4
03-03-2020,119.44,121.01,118.55,1810345,120.4
03-03-2020,119.44,121.01,118.55,1810345,120.4
03-03-2020,119.44,121.01,118.55,1810345,120.4
03-04-2020,121.4,121.4,117.91,2300345,119.52
03-04-2020,121.4,121.4,117.91,2300345,119.52
03-04-2020,121.4,121.4,117.91,2300345,119.52
03-04-2020,121.4,121.4,117.91,2300345,119.52
03-04-2020,121.4,121.4,117.91,2300345,119.52
03-04-2020,121.4,121.4,117.91,2300345,119.52
03-05-2020,142.95,142.95,118.6,513870,119.75
03-06-2020,118.49,118.49,115.6,3370046,117.18
03-09-2020,116.49,116.49,109.74,8020071,111.62
03-11-2020,111.49,112.5,110.2,3831171,111.31
03-12-2020,110.0,110.0,101.05,10399708,102.99
03/13/2020,91.26,120.85,91.26,8805655,106.36
03/16/2020,107.49,107.49,100.0,5403923,102.37
03/17/2020,102.55,105.0,97.25,4118915,99.2
03/18/2020,100.9,102.8,92.2,6548737,96.08
03/19/2020,94.5,94.5,87.0,9073962,89.47
03/20/2020,99.88,99.88,88.0,5442580,92.97
03/23/2020,87.0,94.83,81.0,8144624,83.52
03/24/2020,86.0,90.0,83.07,8341885,85.0
03/25/2020,85.0,90.0,84.0,4949433,89.46
03/26/2020,92.0,94.8,84.0,5221102,92.68
03/27/2020,93.0,96.4,90.87,4258490,91.26
03/30/2020,90.0,92.5,88.65,4813354,89.17
03/31/2020,90.0,92.65,89.7,3737735,91.94
04-01-2020,91.94,91.94,89.0,2782804,89.35
04-03-2020,90.0,91.2,86.35,4260702,86.59
04-07-2020,90.0,92.8,88.25,4840152,92.41
04-08-2020,91.0,98.0,90.65,5210576,92.82
04-09-2020,93.95,96.5,93.4,4706456,96.23
04/13/2020,96.95,96.95,94.08,2175310,95.62
04/15/2020,97.0,97.9,94.55,2756785,95.2
04/16/2020,96.0,96.0,94.0,1777655,95.68
04/17/2020,98.0,98.7,96.4,2622443,98.21
04/20/2020,100.1,100.96,97.8,2279271,97.99
04/21/2020,91.1,105.99,91.1,2146306,95.6
04/22/2020,102.0,102.0,94.05,1728534,97.38
04/23/2020,96.28,98.85,96.28,1573782,98.62
04/24/2020,97.1,98.14,96.1,6117467,97.1
04/27/2020,97.15,99.05,97.1,2031699,98.43
04/28/2020,100.1,100.1,98.3,1050246,99.35
04/29/2020,100.0,101.7,99.4,2746729,101.12
04/30/2020,102.0,104.69,101.61,3783690,104.18
05-04-2020,104.18,104.21,98.12,4249161,98.8
05-05-2020,95.8,102.5,92.9,2950667,97.65
05-06-2020,98.5,99.0,96.76,1654593,98.5
05-07-2020,98.05,99.0,97.1,1921875,97.6
05-08-2020,98.49,99.36,98.0,871210,98.12
05-11-2020,98.99,99.97,98.01,1213126,98.21
05-12-2020,98.19,98.85,96.21,1596323,97.96
05/13/2020,95.9,106.8,95.9,3330046,99.69
05/14/2020,97.7,99.39,97.11,1975805,97.42
05/15/2020,97.5,98.9,96.37,2010265,97.08
05/18/2020,97.85,97.9,93.75,4744786,93.93
05/19/2020,95.01,95.99,94.2,3341572,94.34
05/20/2020,95.65,96.79,94.02,1981167,96.25
05/21/2020,97.45,97.46,95.5,1286795,96.69
05/22/2020,99.0,99.0,94.8,1872398,96.11
05/26/2020,98.0,98.0,84.6,2194346,96.21
05/27/2020,96.95,98.79,95.52,2916890,98.6
05/28/2020,98.95,100.7,98.7,2933866,100.37
05/29/2020,99.9,101.76,98.8,2556493,101.38
06-01-2020,102.0,105.28,102.0,3862496,104.42
06-02-2020,102.0,106.0,95.0,2967926,105.89
06-03-2020,106.88,107.84,106.11,3693773,106.36
06-04-2020,106.36,107.17,105.1,2256015,106.27
06-05-2020,106.27,107.95,106.25,1847988,107.66
06-08-2020,108.5,109.45,107.67,2765914,108.1
06-09-2020,109.0,109.1,106.6,2356586,106.85
06-10-2020,107.4,107.9,104.21,1834025,107.52
06-11-2020,107.05,107.88,105.11,2105891,105.3
06-12-2020,103.87,105.91,102.2,4921933,105.72
06/15/2020,105.65,105.72,103.39,3330233,104.51
06/16/2020,106.25,106.87,103.37,3829031,105.21
06/17/2020,104.93,106.0,104.32,4345818,104.92
06/18/2020,105.38,107.2,104.1,2874262,106.97
06/19/2020,107.8,109.0,106.1,4181389,108.79
06/22/2020,109.8,110.29,108.71,3664567,109.56
06/23/2020,110.0,111.28,109.25,3164075,111.0
06/24/2020,111.0,111.91,109.22,4180756,109.53
06/25/2020,109.0,109.95,108.01,5601669,109.05
06/26/2020,109.58,110.6,109.33,2440079,110.24
06/29/2020,110.24,111.1,108.72,1969391,109.74
06/30/2020,110.95,110.95,109.25,1667919,109.52
07-01-2020,110.92,111.2,108.75,1781342,111.04
07-02-2020,111.11,112.47,111.11,2697856,112.1
07-03-2020,112.65,112.89,112.14,1736490,112.51
07-06-2020,113.88,114.56,112.8,2874054,114.28
07-07-2020,114.28,114.97,113.43,2472941,114.65
07-08-2020,114.65,115.2,113.6,1888863,113.85
07-09-2020,113.85,115.2,113.85,1791188,115.07
07-10-2020,114.1,115.07,113.86,1703311,114.38
07/13/2020,117.0,117.0,114.26,2318031,114.86
07/14/2020,114.79,115.1,112.4,3298092,112.93
07/15/2020,113.99,114.99,112.61,3082696,112.97
07/16/2020,113.99,114.24,112.53,1849501,114.08
07/17/2020,114.9,116.17,114.15,2349481,115.81
07/20/2020,116.1,118.0,116.05,2990564,117.06
07/21/2020,117.16,118.73,116.8,3251989,118.54
07/22/2020,119.0,119.2,117.35,2531693,118.11
07/23/2020,118.98,119.2,117.11,1948030,119.08
07/24/2020,118.3,119.3,117.71,2172268,118.99
07/27/2020,118.99,119.95,118.0,1759243,118.39
07/28/2020,119.25,120.19,117.7,1684394,120.02
07/29/2020,135.6,135.6,118.8,1794840,119.26
07/30/2020,120.45,120.45,117.79,1906744,117.96
07/31/2020,116.01,118.6,116.01,1481516,118.02
08-03-2020,118.02,119.5,116.05,2747227,116.17
08-04-2020,116.3,118.15,116.25,1291694,118.0
08-05-2020,118.02,119.24,117.64,1407351,118.03
08-06-2020,118.95,119.68,118.18,1615399,119.02
08-07-2020,119.6,119.65,118.16,776576,119.35
08-10-2020,119.1,120.39,119.1,1036138,119.97
08-11-2020,120.9,120.98,120.05,755382,120.44
08-12-2020,120.25,120.75,119.27,892720,120.33
08/13/2020,121.27,121.44,119.91,1022353,120.49
08/14/2020,121.0,121.27,118.33,1546537,119.26
08/17/2020,120.45,120.9,119.0,1696683,119.88
08/18/2020,120.15,121.07,119.3,1675189,120.97
08/19/2020,122.5,122.5,121.0,3338356,121.13
08/20/2020,120.45,120.82,119.33,4239885,120.42
08/21/2020,121.99,121.99,120.5,684750,121.11
08/24/2020,122.49,139.3,121.11,1136294,122.0
08/25/2020,122.98,124.99,121.36,975133,121.93
08/26/2020,135.0,135.0,121.8,965666,122.75
08/27/2020,139.0,139.0,122.55,1150255,122.91
08/28/2020,129.0,129.0,122.9,1532069,124.04
08/31/2020,139.0,139.0,120.45,3949062,121.03
09-01-2020,134.88,134.88,120.0,1354038,122.15
09-02-2020,125.0,125.0,121.56,1206221,122.75
09-03-2020,129.88,129.88,122.11,990176,122.73
09-04-2020,121.25,122.05,102.26,1498133,121.12
09-07-2020,134.88,134.88,119.0,1011229,121.27
09-08-2020,133.88,133.88,120.65,1193139,120.85
09-09-2020,120.75,120.75,115.05,1567827,120.34
09-10-2020,129.0,129.0,116.8,1180882,121.94
09-11-2020,134.88,134.88,121.54,1149385,122.13
09/14/2020,127.0,127.0,121.52,1051387,122.13
09/15/2020,127.0,127.0,122.1,1137606,122.9
09/16/2020,141.3,141.3,120.0,1142264,123.71
09/17/2020,125.66,125.66,122.0,891649,122.72
09/18/2020,130.0,130.0,111.7,631382,122.66
09/21/2020,127.4,127.4,118.85,1765428,119.92
09/22/2020,115.0,125.0,115.0,1654611,118.91
09/23/2020,130.0,130.0,117.8,1291470,118.95
09/24/2020,120.0,120.0,115.56,2545881,115.76
09/25/2020,116.85,118.11,115.0,1640526,117.87
09/28/2020,120.0,120.0,117.91,1311060,119.75
09/29/2020,130.0,130.0,119.41,1496038,119.82
09/30/2020,122.0,122.42,118.55,1045912,119.93
10-01-2020,120.5,121.74,119.72,1429824,121.61
10-05-2020,125.0,125.0,120.05,2450876,122.38
10-06-2020,124.0,124.2,120.0,1563246,124.03
10-07-2020,127.45,127.45,116.6,1645542,124.89
10-08-2020,127.0,127.0,123.3,2178637,125.91
10-09-2020,130.0,130.0,125.7,2170221,126.99
10-12-2020,124.0,128.1,124.0,2384129,126.96
10/13/2020,129.0,130.0,126.0,1505033,127.02
10/14/2020,127.55,127.69,125.8,1702320,127.42
10/15/2020,128.0,128.0,124.0,3686080,124.81
10/16/2020,125.44,125.92,124.6,2100993,125.62
10/19/2020,130.0,130.0,124.61,1702515,126.81
10/20/2020,130.0,130.0,125.25,1244069,126.77
10/21/2020,130.0,130.0,125.41,1714840,126.98
10/22/2020,128.0,128.0,126.0,1185728,126.73
10/23/2020,128.0,128.0,126.73,1099448,127.11
10/26/2020,146.2,146.2,125.2,1653725,125.81
10/27/2020,109.5,129.99,109.5,1375559,126.81
10/28/2020,119.2,145.8,119.2,1802732,125.4
10/29/2020,129.5,139.0,124.0,1442980,124.72
10/30/2020,130.0,138.0,123.4,1694334,124.57
11-02-2020,127.69,127.69,123.4,2026545,124.37
11-03-2020,126.0,126.24,124.05,1278806,126.01
11-04-2020,139.0,139.0,114.7,1720136,127.03
11-05-2020,133.0,133.0,127.51,1799777,129.12
11-06-2020,129.0,130.8,126.51,2090661,130.61
11-09-2020,132.0,133.0,131.16,1575611,132.73
11-10-2020,144.7,144.7,132.94,2844216,134.72
11-11-2020,154.9,154.9,122.6,2626835,135.83
11-12-2020,144.7,144.7,134.65,1464974,135.26
11/13/2020,140.0,140.0,130.0,1675631,135.79
11/14/2020,123.6,140.0,123.6,901758,136.4
11/17/2020,154.88,154.88,136.51,2497489,137.39
11/18/2020,136.0,149.88,136.0,1932468,137.9
11/19/2020,120.0,143.88,120.0,2243961,136.25
11/20/2020,137.0,137.33,135.0,1597557,137.0
11/23/2020,149.0,149.0,136.62,1987751,137.76
11/24/2020,147.88,147.88,129.5,2727726,139.38
11/25/2020,154.74,154.74,137.2,2261085,137.39
11/26/2020,144.0,144.0,136.6,7689852,138.24
11/27/2020,150.0,150.0,133.04,1273581,138.38
12-01-2020,149.7,149.7,133.1,1452032,139.79
12-02-2020,154.0,154.0,138.6,1203053,139.96
12-03-2020,141.23,143.0,139.91,1344091,140.12
12-04-2020,143.2,143.2,139.95,1151089,141.27
12-07-2020,143.0,143.0,140.5,2265003,142.29
12-08-2020,154.0,154.0,141.3,1588215,142.86
12-09-2020,146.0,146.0,140.5,1490549,144.41
12-10-2020,154.0,154.0,143.0,1541066,143.82
12-11-2020,148.0,148.0,142.8,1557017,143.93
12/14/2020,144.99,145.7,143.45,2254461,144.32
12/15/2020,146.0,146.0,143.4,1565759,144.61
12/16/2020,159.0,159.0,144.0,1258149,145.82
12/17/2020,154.8,154.8,145.56,1116175,146.56
12/18/2020,159.0,159.0,145.4,1745336,146.96
12/21/2020,146.94,146.96,140.55,3192127,142.5
12/22/2020,146.4,146.4,129.7,2462353,143.82
12/23/2020,143.95,145.31,143.28,1280315,145.12
12/24/2020,154.7,154.7,144.45,1837640,146.52
12/28/2020,159.0,159.0,146.25,1362994,147.78
12/29/2020,148.4,148.95,148.1,1639088,148.77
12/30/2020,149.41,149.5,148.1,1664595,149.27
12/31/2020,148.15,149.95,148.15,1513100,149.07
01-01-2021,159.68,159.68,147.65,767502,149.57
01-04-2021,150.59,150.9,148.95,1729074,150.71
01-05-2021,159.7,159.7,149.75,2248517,151.3
01-06-2021,159.7,159.7,145.58,1890161,151.22
01-07-2021,155.0,155.0,151.01,1184831,151.2
01-08-2021,168.88,168.88,151.73,1488219,152.88
01-11-2021,158.0,159.7,153.11,1714620,154.38
01-12-2021,154.44,155.47,153.9,1645477,155.32
01/13/2021,156.15,156.15,154.31,1524163,155.6
01/14/2021,155.5,155.92,154.52,1242536,155.76
01/15/2021,155.95,155.95,153.5,2219346,154.11
01/18/2021,160.25,164.8,152.08,2172716,152.56
01/19/2021,153.9,155.6,153.32,1986752,155.45
01/20/2021,155.42,156.85,155.12,1574034,156.75
01/21/2021,169.7,169.7,155.34,1966764,156.02
01/22/2021,156.98,156.99,153.7,2013987,153.91
01/25/2021,174.88,174.88,152.22,1877148,152.46
01/27/2021,157.7,157.7,140.2,3099586,149.48
01/28/2021,149.0,149.0,147.0,3724096,147.99
01/29/2021,164.74,164.74,145.6,4019948,146.1
02-01-2021,150.0,153.0,146.24,5752457,152.52
02-02-2021,154.33,162.0,153.12,5401586,156.1
02-03-2021,164.4,164.4,155.21,3184291,157.66
02-04-2021,174.7,174.7,156.51,2597296,158.69
02-05-2021,159.27,159.99,158.48,2162707,159.05
02-08-2021,179.7,179.7,159.35,3414992,161.03
02-09-2021,161.67,162.7,160.76,2186027,161.23
02-10-2021,161.83,161.92,160.15,2086456,161.46
02-11-2021,161.17,162.64,160.94,1130555,162.06
02-12-2021,162.35,162.7,161.3,1471633,162.17
02/15/2021,163.17,165.0,159.75,1390282,163.93
02/16/2021,169.88,169.88,162.71,2808707,163.54
02/17/2021,164.98,164.98,162.01,1633793,162.59
02/18/2021,172.59,172.59,161.57,1466832,161.89
02/19/2021,161.57,164.19,159.55,1924382,160.42
02/22/2021,160.75,162.19,156.71,4266735,157.18
02/23/2021,158.69,164.6,157.1,3376578,157.59
02/24/2021,157.59,163.85,157.1,1694856,160.15
02/25/2021,161.46,162.39,160.82,2078898,161.87
02/26/2021,157.0,163.62,154.55,6394687,156.15
03-01-2021,161.99,161.99,156.8,2262115,158.01
03-02-2021,159.41,159.99,158.01,1674905,159.57
03-03-2021,161.14,163.31,160.39,2774589,162.98
03-04-2021,165.0,165.0,160.0,1760533,161.2
03-05-2021,160.33,161.18,158.3,2004187,159.66
03-08-2021,163.64,183.6,159.66,1419094,160.04
03-09-2021,161.18,161.8,159.85,1483026,161.47
03-10-2021,164.94,164.94,161.56,1026447,162.16
03-12-2021,163.99,163.99,159.89,2695163,160.63
03/15/2021,161.0,161.01,158.1,2726411,159.96
03/16/2021,163.19,164.6,159.0,1194883,159.79
03/17/2021,183.48,183.48,157.52,2020012,157.88
03/18/2021,159.49,159.49,155.31,2566012,156.12
03/19/2021,158.59,158.59,153.86,2989141,157.87
03/22/2021,178.88,178.88,137.3,2249076,157.33
03/23/2021,178.48,178.48,157.16,2196154,158.35
03/24/2021,174.88,174.88,155.91,2880134,156.09
03/25/2021,156.53,156.55,153.25,4619262,153.86
03/26/2021,183.48,183.48,154.11,3133917,155.21
03/30/2021,179.88,179.88,153.81,3007515,158.42
03/31/2021,177.48,177.48,156.8,1770531,157.16
04-01-2021,137.05,177.0,137.05,1753952,158.7
04-05-2021,156.01,174.0,155.01,3825031,156.96
04-06-2021,152.3,159.98,152.1,1679649,157.39
04-07-2021,159.4,159.4,155.61,1490166,158.82
04-08-2021,159.8,160.0,154.1,1387673,158.87
04-09-2021,159.6,159.6,158.1,919771,158.78
04-12-2021,179.88,179.88,150.1,6958023,154.08
04/13/2021,174.88,174.88,153.45,2306251,155.5
04/15/2021,174.88,174.88,152.41,1757440,155.93
04/16/2021,154.95,157.18,154.45,1128520,156.42
04/19/2021,156.18,156.23,151.77,2725967,154.09
04/20/2021,132.0,156.49,132.0,2219957,153.29
04/22/2021,169.83,169.83,151.92,1575936,154.27
04/23/2021,161.0,161.0,151.25,1497148,153.86
04/26/2021,158.4,158.4,153.91,1445359,155.17
04/27/2021,163.0,163.0,152.35,1034413,156.83
04/28/2021,158.64,159.09,155.36,1587740,158.9
04/29/2021,161.14,161.14,157.81,1997771,159.1
04/30/2021,157.94,158.68,155.15,1610283,157.0
05-03-2021,156.49,157.42,154.56,1531614,156.97
05-04-2021,164.0,164.0,155.15,1378826,155.55
05-05-2021,158.9,158.9,151.35,1411068,156.81
05-06-2021,163.5,163.5,156.2,1048532,157.54
05-07-2021,159.4,159.4,155.2,1347683,158.53
05-10-2021,160.4,160.4,158.55,1811054,159.69
05-11-2021,159.2,159.31,157.74,1280124,158.94
05-12-2021,161.9,161.9,157.24,1450842,157.69
05/14/2021,158.99,169.0,156.57,1800545,157.47
05/17/2021,155.6,159.72,155.6,1344415,159.52
05/18/2021,161.9,161.9,160.0,1913546,161.37
05/19/2021,161.37,162.9,160.0,1259712,160.67
05/20/2021,169.0,169.0,159.41,1095072,159.64
05/21/2021,174.9,174.9,159.75,1585589,162.1
05/24/2021,170.0,170.0,161.31,1408268,162.43
05/25/2021,178.88,178.88,162.01,1045055,162.53
05/26/2021,170.0,170.0,150.8,1121397,163.46
05/27/2021,170.0,170.0,162.23,1459534,164.12
05/28/2021,168.9,168.9,164.0,1536434,165.02
05/31/2021,179.0,179.0,155.1,1664143,166.79
06-01-2021,179.0,179.0,166.42,1595004,166.88
06-02-2021,166.75,167.6,164.41,932798,167.29
06-03-2021,167.3,177.7,167.3,1011967,168.17
06-04-2021,174.9,174.9,159.0,1058387,168.15
06-07-2021,174.4,174.4,168.15,1733382,168.63
06-08-2021,169.64,169.64,167.2,695044,168.57
06-09-2021,174.4,174.4,159.3,1198930,167.59
06-10-2021,174.39,174.39,165.05,687667,168.6
06-11-2021,173.9,173.9,167.2,1395622,169.33
06/14/2021,174.88,174.88,166.3,1875312,169.56
06/15/2021,173.98,174.4,169.0,720652,170.27
06/16/2021,173.94,174.4,169.3,1152832,169.69
06/17/2021,179.0,179.0,168.1,1063422,168.79
06/18/2021,168.86,169.8,166.45,1658740,168.67
06/21/2021,168.0,169.39,166.5,1931684,169.07
06/22/2021,183.48,183.48,169.1,1140000,169.41
06/23/2021,173.8,173.8,168.5,1054283,168.68
06/24/2021,184.88,184.88,168.1,868516,169.68
06/25/2021,170.68,170.68,165.0,1087315,170.4
06/28/2021,170.4,173.5,169.8,1404615,169.85
06/29/2021,184.43,184.43,166.66,1121228,169.33
06/30/2021,173.35,173.35,160.15,846600,169.13
07-01-2021,173.45,173.45,168.51,1040915,168.92
07-02-2021,171.85,171.85,167.55,843371,169.34
07-05-2021,172.4,173.88,166.5,1200342,170.13
07-06-2021,170.9,171.0,168.75,949072,170.17
07-07-2021,172.25,172.25,169.14,715925,170.46
07-08-2021,172.2,180.7,169.02,1285484,169.47
07-09-2021,173.4,173.4,168.5,1420007,169.07
07-12-2021,176.39,176.39,165.17,842741,169.04
07/13/2021,172.85,172.85,169.25,607828,170.17
07/14/2021,172.35,172.35,166.55,699257,170.6
07/15/2021,184.9,184.9,169.5,765208,171.28
07/16/2021,173.2,173.2,151.7,610263,171.41
07/19/2021,174.94,174.94,169.02,1366502,169.77
07/20/2021,184.83,184.83,167.96,2191600,168.54
07/22/2021,172.6,172.6,168.81,895788,170.36
07/23/2021,172.78,172.78,166.05,997334,170.57
07/26/2021,174.84,174.84,169.1,1124977,170.28
07/27/2021,174.74,174.74,169.24,1005585,169.68
07/28/2021,172.55,172.55,167.4,1800475,169.34
07/29/2021,170.25,170.95,168.45,553884,169.95
07/30/2021,179.9,179.9,135.51,991454,169.69
08-02-2021,174.69,174.69,170.0,953704,171.0
08-03-2021,172.58,173.4,161.0,1725861,173.27
08-04-2021,174.75,175.0,173.15,1283417,174.67
08-05-2021,177.4,177.4,172.55,1016990,175.13
08-06-2021,188.75,188.75,174.65,763764,174.85
08-09-2021,177.8,177.8,170.15,717383,175.41
08-10-2021,175.9,176.25,174.82,772380,175.63
08-11-2021,188.95,188.95,160.15,958183,175.37
08-12-2021,176.7,176.7,174.55,793639,176.17
08/13/2021,189.8,189.8,175.55,1213494,177.94
08/16/2021,179.9,179.9,176.6,758499,178.6
08/17/2021,182.44,182.44,155.4,733550,178.91
08/18/2021,194.75,194.75,174.63,1545056,178.76
08/20/2021,194.0,194.0,176.08,1825110,177.32
08/23/2021,193.43,193.43,177.0,899824,178.1
08/24/2021,188.43,188.43,167.45,801419,179.46
08/25/2021,193.95,193.95,179.2,640105,179.47
08/26/2021,190.0,190.0,179.0,822706,179.52
08/27/2021,184.83,184.83,168.7,773596,180.24
08/30/2021,187.95,187.95,179.3,1108398,182.57
08/31/2021,193.43,193.43,182.01,1826619,184.55
09-01-2021,187.7,187.7,171.16,2863644,184.31
09-02-2021,185.25,186.0,180.25,887174,185.96
09-03-2021,172.31,193.39,172.31,1329680,186.91
09-06-2021,186.96,188.45,186.96,1038640,187.55
09-07-2021,187.95,188.4,186.6,855784,187.17
09-08-2021,188.44,188.44,186.35,1193553,187.14
09-09-2021,193.39,193.39,186.05,541346,187.42
09/13/2021,188.2,188.2,186.45,1223906,187.11
09/14/2021,214.83,214.83,180.16,738023,187.54
09/15/2021,163.2,192.35,163.2,671943,189.01
09/16/2021,191.95,191.95,188.6,775593,190.22
09/17/2021,173.1,195.39,173.1,1221723,189.82
09/20/2021,187.45,190.24,187.4,1422295,187.86
09/21/2021,199.65,199.65,187.12,4120688,189.66
09/22/2021,192.84,192.84,189.06,4307400,189.69
09/23/2021,194.4,194.4,190.0,1010781,192.29
09/24/2021,197.4,197.4,188.0,1273255,192.63
09/27/2021,204.74,204.74,183.66,1562160,192.79
09/28/2021,221.7,221.7,189.86,2048952,191.44
09/29/2021,174.2,209.0,174.2,947847,191.15
09/30/2021,197.44,197.44,189.2,1268872,190.11
10-01-2021,193.5,193.5,188.42,1588636,189.22
10-04-2021,187.05,197.39,187.05,1077774,191.03
10-05-2021,191.65,192.3,189.7,1027571,192.2
10-06-2021,199.39,199.39,187.1,1363144,190.19
10-07-2021,187.05,193.07,187.05,791922,191.82
10-08-2021,197.44,197.44,190.15,995591,192.58
10-11-2021,193.12,194.0,167.5,980337,193.09
10-12-2021,219.8,219.8,182.6,977091,193.66
10/13/2021,204.85,204.85,185.25,964360,195.56
10/14/2021,205.28,205.28,195.75,1437892,197.11
10/18/2021,207.39,207.39,195.75,1286340,198.91
10/19/2021,198.16,207.8,197.99,1401551,198.41
10/20/2021,202.39,202.39,196.46,1250249,197.3
10/21/2021,201.44,201.44,190.05,1805437,196.08
10/22/2021,199.85,199.85,194.78,1652430,195.68
10/25/2021,198.65,198.65,194.06,1765164,195.71
10/26/2021,199.39,199.39,194.05,1534000,197.13
10/27/2021,203.39,203.39,194.1,617383,196.54
10/28/2021,209.0,209.0,192.98,3088059,193.68
10/29/2021,209.0,209.0,182.1,3221676,191.16
11-01-2021,208.88,208.88,191.36,1708376,193.84
11-02-2021,206.9,206.9,183.6,1283566,193.1
11-03-2021,200.0,200.0,190.1,955400,192.58
11-04-2021,207.88,207.88,185.11,671760,193.59
11-08-2021,200.0,200.0,192.6,1519865,195.37
11-09-2021,200.0,200.0,193.0,893324,194.88
11-10-2021,199.0,199.0,192.93,992035,194.66
11-11-2021,199.9,199.9,192.1,1515188,193.25
11-12-2021,198.0,198.0,191.25,783229,195.46
11/15/2021,199.5,199.5,190.0,996741,195.52
11/16/2021,199.5,199.5,194.15,814109,194.47
11/17/2021,199.5,199.5,192.1,688797,193.53
11/18/2021,197.44,197.44,191.33,1517958,192.14
11/22/2021,197.44,209.4,186.0,5172290,188.53
11/23/2021,193.4,193.4,177.2,3015629,189.4
11/24/2021,192.4,192.4,187.78,1530991,188.25
11/25/2021,188.7,189.85,187.12,1795882,189.51
11/26/2021,193.0,193.0,183.81,6059071,184.51
11/29/2021,187.66,187.66,180.1,2673261,184.55
11/30/2021,188.0,188.0,183.21,2393478,183.7
12-01-2021,187.5,187.5,183.1,1170241,185.72
12-02-2021,186.92,188.19,184.51,1486616,187.99
12-03-2021,192.5,192.5,185.75,1581371,186.0
12-06-2021,192.4,192.4,182.8,2784801,183.01
12-07-2021,190.0,190.0,180.1,1224647,185.71
12-08-2021,191.0,191.0,185.71,1425972,188.48
12-09-2021,192.5,192.5,187.16,1108273,189.14
12-10-2021,185.0,192.5,185.0,994683,189.09
12/13/2021,192.4,192.4,187.6,1528129,187.9
12/14/2021,188.15,192.4,184.91,1054763,187.33
12/15/2021,192.0,192.0,185.45,1079759,186.25
12/16/2021,190.0,190.0,185.0,1960645,186.62
12/17/2021,190.0,190.0,182.0,3432337,183.77
12/20/2021,187.5,187.5,177.85,11424477,179.93
12/21/2021,185.0,185.0,180.0,2314192,181.45
12/22/2021,185.0,185.0,180.05,1263241,183.33
12/23/2021,187.5,187.5,183.5,2003481,184.1
12/24/2021,187.5,187.5,180.1,1561743,183.45
12/27/2021,187.49,187.49,178.0,1195033,184.55
12/28/2021,187.45,187.45,184.55,1823403,186.3
12/29/2021,188.9,188.9,182.5,1149172,186.12
12/30/2021,186.72,187.45,185.3,1554321,186.14
12/31/2021,188.0,188.77,185.15,2531648,187.79
01-03-2022,190.0,190.95,185.3,2595035,190.72
01-04-2022,198.91,198.91,189.2,1985741,192.46
01-05-2022,195.0,195.0,191.3,1532485,193.34
01-06-2022,193.0,193.0,190.75,2295715,191.92
01-07-2022,194.0,194.0,191.4,1164892,192.42
01-10-2022,193.7,194.5,192.45,2125975,194.35
01-11-2022,196.0,196.0,193.25,1055181,194.69
01-12-2022,197.5,197.5,195.05,1506313,196.2
01/13/2022,198.8,198.8,195.8,1965999,197.0
01/14/2022,199.85,199.85,195.5,1926983,197.36
01/17/2022,223.0,223.0,195.7,1655939,198.03
01/18/2022,199.0,199.0,195.6,1936923,195.97
01/19/2022,221.4,221.4,193.0,1947061,194.18
01/20/2022,195.8,195.8,191.1,3125434,192.18
01/21/2022,191.99,191.99,189.22,3135380,190.64
01/24/2022,196.8,196.8,184.05,9706128,185.79
01/25/2022,185.49,187.38,183.05,5883754,187.07
01/27/2022,194.0,194.0,182.7,5945584,185.33
01/28/2022,187.75,188.06,184.8,2774965,185.1
01/31/2022,199.88,199.88,185.25,2238333,187.63
02-01-2022,190.8,190.8,178.11,4046199,189.7
02-02-2022,194.0,194.0,189.7,2272990,192.12
02-03-2022,195.0,195.0,189.6,2498448,190.01
02-04-2022,193.0,193.0,189.01,3276311,189.59
02-07-2022,193.0,193.0,185.39,3745509,186.34
02-08-2022,190.0,190.0,184.5,2401848,186.81
02-09-2022,199.85,199.85,187.1,1253049,189.03
02-10-2022,191.5,191.5,188.5,3300794,190.11
02-11-2022,192.5,192.5,187.0,2152018,188.0
02/14/2022,187.5,187.5,182.3,7366629,182.59
02/15/2022,185.0,187.88,182.59,2687788,187.59
02/16/2022,190.0,190.0,186.45,2043037,187.14
02/17/2022,190.0,190.0,186.17,1415247,186.93
02/18/2022,183.3,190.0,183.3,1659566,186.64
02/21/2022,190.0,190.0,184.69,2084966,186.29
02/22/2022,186.0,186.0,182.69,4189474,185.27
02/23/2022,187.99,187.99,184.58,1460494,185.05
02/24/2022,180.6,189.95,177.0,19565577,178.36
02/25/2022,185.0,185.0,179.0,5674475,180.85
02/28/2022,189.88,189.88,176.1,4466025,181.84
03-02-2022,185.0,185.0,178.3,5163914,180.1
03-03-2022,184.9,184.9,178.3,3247919,178.86
03-04-2022,178.48,178.48,175.06,8765287,176.26
03-07-2022,176.9,176.9,171.25,13669797,172.33
03-08-2022,177.55,177.55,170.26,9202552,173.4
03-09-2022,180.0,180.0,173.15,4224355,176.98
03-10-2022,177.25,183.9,177.25,4577829,179.65
03-11-2022,183.0,183.0,177.16,2724636,179.98
03/14/2022,182.0,182.99,178.35,3096236,182.61
03/15/2022,185.0,185.0,179.51,2958912,180.6
03/16/2022,183.6,183.8,181.8,2288980,183.66
03/17/2022,188.0,188.0,185.2,4130440,186.71
03/21/2022,190.0,190.0,182.0,2590277,185.38
03/22/2022,189.0,193.75,184.2,2606331,187.34
03/23/2022,190.0,190.0,185.0,2584326,186.34
03/24/2022,198.0,198.0,177.8,2232760,186.09
03/25/2022,187.12,187.12,185.0,5968779,185.82
03/28/2022,188.2,188.2,184.3,3218703,186.32
03/29/2022,190.0,190.0,184.15,2197933,187.22
03/30/2022,191.5,191.5,187.75,3621150,188.91
03/31/2022,190.5,190.5,188.15,2204741,188.87
04-01-2022,189.94,190.96,185.0,14131760,190.47
04-04-2022,190.5,195.35,190.5,10721051,195.19
04-05-2022,196.74,197.15,194.1,5835051,194.55
04-06-2022,194.24,194.24,192.7,2181412,193.0
04-07-2022,193.0,193.0,191.06,2595043,191.26
04-08-2022,195.0,195.0,189.13,2055024,192.76
04-11-2022,193.54,193.54,191.0,3910874,191.67
04-12-2022,189.86,210.0,189.2,7386091,190.42
04/13/2022,195.0,195.0,189.33,3323040,189.54
04/18/2022,188.55,188.55,185.25,6161166,186.23
04/19/2022,185.0,187.7,182.4,4548205,183.68
04/20/2022,191.89,191.89,182.2,1850293,185.86
04/21/2022,209.55,209.55,184.41,1893836,188.1
04/22/2022,188.24,188.24,184.75,1826897,186.09
04/25/2022,186.69,186.69,183.25,3788167,183.86
04/26/2022,194.88,194.88,184.47,1293913,186.11
04/27/2022,200.0,200.0,183.61,2079309,184.78
04/28/2022,188.5,194.88,184.8,2128010,186.41
04/29/2022,192.75,192.75,184.8,2139926,185.43
05-02-2022,176.25,185.25,176.25,2891664,185.12
05-04-2022,193.98,193.98,180.5,6683312,181.05
05-05-2022,194.48,194.48,180.7,2971622,181.01
05-06-2022,180.49,180.49,177.35,9509041,177.94
05-09-2022,171.0,184.88,171.0,5393087,176.95
05-10-2022,184.6,184.6,175.2,3075228,176.16
05-11-2022,153.3,181.9,153.3,5356589,175.34
05-12-2022,174.99,175.0,170.96,12227812,171.72
05/13/2022,178.9,178.9,171.01,4861805,171.4
05/16/2022,176.8,176.8,171.0,3448002,172.13
05/17/2022,176.9,176.9,171.01,3600691,176.44
05/18/2022,178.99,178.99,175.21,2871652,176.05
05/19/2022,175.99,175.99,171.5,6755953,171.7
05/20/2022,176.99,176.99,172.01,2696074,175.92
05/23/2022,178.99,178.99,174.9,3285457,175.53
05/24/2022,177.99,177.99,174.26,1629644,175.09
05/25/2022,176.8,176.8,173.26,2332641,174.13
05/26/2022,176.7,176.7,173.0,3043887,175.57
05/27/2022,179.8,179.8,175.15,2037316,177.1
05/30/2022,182.9,182.9,177.55,3814752,180.43
05/31/2022,180.99,180.99,177.25,2419814,179.87
06-01-2022,180.19,180.7,178.55,2011588,179.59
06-02-2022,180.99,180.99,178.0,1852591,180.68
06-03-2022,183.5,184.99,180.0,2096915,180.21
06-06-2022,181.99,181.99,176.25,2076981,180.15
06-07-2022,181.88,181.88,177.25,4870947,178.56
06-08-2022,181.86,181.86,177.5,3371153,178.08
06-09-2022,179.99,179.99,176.33,1756747,179.4
06-10-2022,178.99,178.99,176.14,3447645,176.46
06/13/2022,175.99,175.99,170.95,11691798,171.87
06/14/2022,172.99,172.99,170.06,4062092,171.3
06/15/2022,173.99,173.99,171.0,2578431,171.1
06/16/2022,172.9,172.9,167.31,12278413,167.56
06/17/2022,170.9,170.9,165.87,7864469,166.87
06/20/2022,169.9,169.9,165.7,3305437,167.31
06/21/2022,169.5,170.9,167.47,3266551,170.26
06/22/2022,171.99,171.99,167.8,3538333,168.08
06/23/2022,169.99,170.27,166.11,3924398,169.71
06/24/2022,172.99,172.99,169.9,2402113,171.16
06/27/2022,171.0,173.9,171.0,3876553,172.62
06/28/2022,173.99,173.99,171.3,2233374,172.65
06/29/2022,172.99,172.99,170.3,2225141,171.86
06/30/2022,172.99,172.99,170.0,3002593,171.6
07-01-2022,172.38,172.38,169.0,3629619,171.64
07-04-2022,172.9,172.9,170.65,3249155,172.63
07-05-2022,175.0,175.99,170.11,4628550,172.04
07-06-2022,174.68,174.68,170.91,3536136,174.12
07-07-2022,175.35,175.7,174.4,4128319,175.54
07-08-2022,178.99,178.99,175.58,2797277,176.28
07-11-2022,178.88,178.88,175.08,3234345,176.23
07-12-2022,175.9,176.0,174.7,3180084,175.1
07/13/2022,177.99,177.99,173.95,2719238,174.06
07/14/2022,176.44,176.44,172.11,2693779,173.93
07/15/2022,176.97,176.97,171.11,1883447,175.02
07/18/2022,176.7,177.5,175.55,3244564,177.39
07/19/2022,176.8,178.19,175.9,3104562,177.88
07/20/2022,182.8,182.8,178.7,6831455,179.53
07/21/2022,180.97,180.97,178.2,3246465,180.54
07/22/2022,177.11,182.87,177.11,4042684,181.89
07/25/2022,182.95,184.51,180.3,2877584,181.46
07/26/2022,176.1,181.95,176.1,2484141,179.91
07/27/2022,180.89,181.8,178.6,3065858,181.6
07/28/2022,184.5,184.5,180.11,4186901,184.18
07/29/2022,185.0,186.8,184.25,5387909,186.54
08-01-2022,186.54,190.0,186.54,4377216,188.63
08-02-2022,199.99,199.99,183.0,4921260,188.62
08-03-2022,188.9,189.4,180.01,4471989,189.11
08-04-2022,190.25,190.68,187.03,5968154,189.17
08-05-2022,180.01,191.05,180.01,2653504,189.25
08-08-2022,189.75,191.04,188.3,3810443,190.79
08-10-2022,199.8,199.99,189.98,3095220,191.04
08-11-2022,193.97,193.97,191.5,3668655,192.34
08-12-2022,199.99,199.99,191.71,3145464,192.86
08/16/2022,199.74,199.74,192.9,3334064,194.09
08/17/2022,198.2,198.2,194.2,3137343,195.55
08/18/2022,196.5,196.89,194.2,2704745,195.71
08/19/2022,196.63,196.63,193.12,3331050,193.61
08/22/2022,168.4,194.06,168.4,4313595,190.95
08/23/2022,190.74,192.7,189.53,3058581,192.19
08/24/2022,192.9,192.9,191.2,2424213,192.63
08/25/2022,194.9,195.33,191.3,6427666,191.78
08/26/2022,192.9,193.4,191.41,3251054,191.92
08/29/2022,191.72,191.72,187.55,4760712,189.44
08/30/2022,187.55,194.19,187.55,4642129,193.92
09-01-2022,193.7,193.7,190.85,4624714,191.82
09-02-2022,192.45,199.16,182.0,2395807,191.61
09-05-2022,192.9,193.1,190.87,2254231,192.98
09-06-2022,194.44,194.88,191.95,2859680,192.48
09-07-2022,192.4,192.65,188.02,1934621,192.37
09-08-2022,199.88,199.88,192.51,5317112,194.0
09-09-2022,195.44,195.51,194.18,4205205,194.6
09-12-2022,195.99,196.1,194.0,2293757,195.64
09/13/2022,196.8,197.19,195.7,2522993,196.95
09/14/2022,196.74,197.2,193.1,3582553,196.27
09/15/2022,197.47,197.47,195.0,4888170,195.69
09/16/2022,195.65,195.65,191.56,5325137,191.9
09/19/2022,195.5,195.5,190.72,2293767,192.75
09/20/2022,194.95,195.49,193.2,2278101,194.44
09/21/2022,195.22,195.22,192.73,1636057,193.5
09/22/2022,193.49,193.91,191.9,2708403,192.92
09/23/2022,197.49,197.49,189.5,4921522,189.64
09/26/2022,194.5,194.5,185.84,7436755,186.21
09/27/2022,188.44,188.44,185.26,3441924,186.05
09/28/2022,185.95,186.22,183.8,3516093,184.47
09/29/2022,186.85,186.85,183.71,3635933,184.07
09/30/2022,189.88,189.88,181.8,4013074,186.83
10-03-2022,184.6,187.93,183.97,6396852,184.25
10-04-2022,186.8,188.5,185.36,3000236,188.29
10-06-2022,188.31,194.88,188.31,2974260,188.94
10-07-2022,193.88,193.88,187.91,2649450,189.19
10-10-2022,188.94,189.05,186.63,3446075,188.75
10-11-2022,190.75,190.75,185.45,3380501,185.87
10-12-2022,176.11,187.69,176.11,1869801,187.21
10/13/2022,187.59,187.6,185.61,2569015,186.23
10/14/2022,192.2,192.2,187.7,3543010,188.02
10/17/2022,188.6,189.0,186.06,3270253,188.83
10/18/2022,190.3,190.99,189.25,2767074,190.64
10/19/2022,194.5,194.5,190.18,2327685,190.83
10/20/2022,191.5,191.68,188.91,2191179,191.44
10/21/2022,191.97,192.55,190.65,2630619,191.52
10/24/2022,194.3,194.4,192.51,1953310,193.17
10/25/2022,195.17,195.17,191.57,1716854,192.49
10/27/2022,192.61,194.15,192.61,2769911,193.45
10/28/2022,194.7,194.7,193.01,3761604,193.96
10/31/2022,195.7,196.5,194.5,8882827,196.27
11-01-2022,197.8,198.24,196.36,3943610,197.98
11-02-2022,198.8,198.8,197.07,1911519,197.41
11-03-2022,197.4,197.82,194.6,2800681,197.39
11-04-2022,198.6,198.6,196.7,1577276,197.77
11-07-2022,199.0,199.4,197.42,2821469,198.62
11-09-2022,203.49,203.49,198.15,2373360,198.32
11-10-2022,198.2,198.2,196.25,3993577,196.86
11-11-2022,199.37,200.35,198.45,4245671,200.22
11/14/2022,200.7,200.96,199.02,2067441,200.17
11/15/2022,201.67,201.67,199.8,1776273,200.91
11/16/2022,201.95,201.95,200.28,1886431,200.87
11/17/2022,201.25,201.25,199.45,1304936,200.2
11/18/2022,201.25,201.25,199.06,1728259,199.92
11/21/2022,199.99,199.99,198.4,1737709,198.55
11/22/2022,199.73,199.73,198.01,1091138,199.23
11/23/2022,200.52,200.52,199.17,840243,199.51
11/24/2022,200.72,202.22,199.45,2727692,201.72
11/25/2022,202.37,202.64,201.44,1925380,202.35
11/28/2022,203.52,203.52,200.91,1977790,203.04
11/29/2022,207.49,207.49,201.91,1317579,203.43
11/30/2022,207.48,207.48,202.75,1923386,204.7
12-01-2022,207.49,207.49,204.73,2261605,205.54
12-02-2022,207.49,207.49,203.9,2370387,204.81
12-05-2022,207.49,207.49,203.65,1627546,204.44
12-06-2022,206.48,206.48,203.5,1902955,204.14
12-07-2022,203.87,207.24,202.6,1710285,202.87
12-08-2022,176.5,203.8,176.5,1374081,203.62
12-09-2022,207.49,207.49,201.71,2109284,202.48
12-12-2022,204.8,205.8,200.55,1734167,202.61
12/13/2022,207.49,207.49,202.31,1196576,203.77
12/14/2022,204.99,204.99,203.77,1172749,204.35
12/15/2022,204.75,204.75,201.32,2332679,201.58
12/16/2022,202.35,202.35,200.0,2171653,200.16
12/19/2022,201.42,201.79,198.66,1720911,201.67
12/20/2022,203.85,203.85,199.25,2308276,201.21
12/21/2022,203.95,203.95,199.0,2461367,199.4
12/22/2022,199.4,202.31,197.9,3234997,198.55
12/23/2022,201.43,201.43,194.8,8961067,195.15
12/26/2022,198.51,198.51,194.8,3648955,197.23
12/27/2022,198.91,198.91,196.58,2669146,198.0
12/28/2022,198.95,198.95,197.01,1880252,197.99
12/29/2022,197.9,199.08,196.76,2374539,198.78
12/30/2022,199.9,200.14,197.7,1739603,198.04
